fname,label,Acoustic_guitar,Bass_drum,Cello,Clarinet,Double_bass,Flute,Hi-hat,Saxophone,Snare_drum,Violin_or_fiddle,y_pred
5388d14d.wav,Saxophone,0.004772619344294071,0.021597985178232193,0.008119146339595318,0.0016076457686722279,0.00191083166282624,0.04180845245718956,6.172170833451673e-05,0.8995344638824463,0.000447294965852052,0.02014005184173584,Saxophone
c685f05f.wav,Saxophone,0.06421516835689545,0.0010102539090439677,0.05801988020539284,0.007994839921593666,0.0002599473518785089,0.003949021454900503,0.0006112125120125711,0.859895646572113,0.00010121996456291527,0.003942835610359907,Saxophone
36d20ab5.wav,Saxophone,0.0006499343435280025,9.286217391490936e-05,0.04288871958851814,0.00018866568279918283,0.002809741534292698,0.0025760792195796967,2.1296948034432717e-05,0.9501104354858398,0.0001990208402276039,0.0004631436604540795,Saxophone
d6665734.wav,Saxophone,0.02706943079829216,4.815200372831896e-05,0.0786869153380394,0.004447536077350378,0.00032637958065606654,0.012018266133964062,9.066883649211377e-06,0.8626776337623596,0.003919795621186495,0.010796789079904556,Saxophone
7352e28f.wav,Saxophone,0.006449497304856777,1.313284769821621e-08,0.0007633654167875648,0.00042119386489503086,2.7759708245866932e-05,0.10367061197757721,6.007585540146465e-09,0.8867583274841309,3.21026110425629e-13,0.001909396960400045,Saxophone
8fa096bf.wav,Saxophone,0.037553831934928894,0.000850474985782057,0.0037528329994529486,0.0012949990341439843,3.292586552561261e-05,0.00286818016320467,0.0044048987329006195,0.9301550388336182,0.0075332289561629295,0.011553596705198288,Saxophone
2f9c5f62.wav,Saxophone,0.00012632909056264907,3.0998708098195493e-06,0.0002454310597386211,0.06840095669031143,0.00010590085730655119,0.00026393221924081445,1.3539357723857393e-06,0.9030560255050659,0.023814624175429344,0.003982314374297857,Saxophone
9cd05a2b.wav,Saxophone,0.00028740151901729405,4.2191508953237644e-08,0.0008925637812353671,0.0005506357992999256,3.540568741300376e-06,0.003419432556256652,3.9228435610993984e-08,0.9933485984802246,1.5705927580711432e-06,0.0014962134882807732,Saxophone
ab465bf9.wav,Saxophone,0.0016708377515897155,4.079340865104086e-09,1.088477347366279e-06,2.1748428480350412e-05,4.0480404095433187e-07,0.025148481130599976,1.9619858449004823e-07,0.9731383323669434,1.1579867731370541e-08,1.8742382962955162e-05,Saxophone
c40632d7.wav,Saxophone,0.012527214363217354,0.0007902667275629938,0.11617753654718399,0.0330645814538002,0.0010975864715874195,0.027169793844223022,0.0005504089058376849,0.781843364238739,0.009165303781628609,0.017613856121897697,Saxophone
3a80061f.wav,Saxophone,0.05123858153820038,0.00020262067846488208,0.02172735519707203,0.0016000623581930995,1.3704534467251506e-05,0.02261926420032978,0.0001530912413727492,0.8823991417884827,0.010036036372184753,0.010010460391640663,Saxophone
dba6817d.wav,Saxophone,0.0003686356940306723,2.9933934797554684e-07,0.017978491261601448,0.0024690383579581976,2.5805837140069343e-05,0.014469250105321407,1.8268816575073288e-06,0.9616417288780212,0.0027980152517557144,0.00024678269983269274,Saxophone
25f26095.wav,Saxophone,0.0013881821651011705,0.0003515192656777799,0.010510915890336037,0.0005385764525271952,9.778522507986054e-05,0.029601773247122765,0.0002610228257253766,0.9453713297843933,0.0003553078568074852,0.01152362022548914,Saxophone
37cebbd4.wav,Saxophone,0.0037007469218224287,3.882648869080185e-08,3.1207732718030456e-06,8.081772648438346e-06,2.1968073269817978e-05,0.01038629561662674,4.947809770783351e-07,0.9858158230781555,5.426372545747071e-11,6.361951818689704e-05,Saxophone
f8d96888.wav,Saxophone,0.07523920387029648,0.0005169966025277972,0.0921795666217804,0.025316650047898293,0.0006083120824769139,0.01524305809289217,3.6875975638395175e-05,0.7731441855430603,0.015635250136256218,0.002079971134662628,Saxophone
d94c94f0.wav,Saxophone,0.019079389050602913,3.830407149507664e-05,0.004581796936690807,0.03567284718155861,0.0002669915265869349,0.000495406799018383,0.00019691488705575466,0.9275420904159546,0.0005069426842965186,0.011619249358773232,Saxophone
ec6afeb6.wav,Saxophone,0.00014378802734427154,4.053145374882661e-09,1.17379840958165e-05,0.0002534111263230443,7.107995770638809e-05,0.00623646005988121,3.161938044726753e-09,0.9930732250213623,1.0719541920778397e-09,0.00021056713012512773,Saxophone
5f0dc8e4.wav,Saxophone,0.0007348283543251455,7.464451279304285e-11,5.648904334520921e-05,0.0026115323416888714,1.4570804296454298e-06,0.003746773349121213,2.4197175374496283e-09,0.9928306341171265,1.7528312810100033e-06,1.665259878791403e-05,Saxophone
b8c0a88a.wav,Saxophone,7.216734229587018e-05,2.0081347695821705e-09,0.009818618185818195,0.004553527571260929,0.002186821773648262,0.015731479972600937,1.5348435056239396e-07,0.95628422498703,0.009731881320476532,0.0016210834728553891,Saxophone
96dad435.wav,Saxophone,0.004424543585628271,4.809060555999167e-06,0.0006080917082726955,0.023413710296154022,0.0004883866058662534,0.018543666228652,6.451267381635262e-06,0.9489189386367798,2.52268546319101e-06,0.003588685765862465,Saxophone
b120dc90.wav,Saxophone,0.0032169632613658905,0.002032357035204768,0.0064603304490447044,0.0016424478963017464,0.003409366821870208,0.0009930487722158432,0.0004002832865808159,0.9703025817871094,6.030273289070465e-05,0.01148239430040121,Saxophone
c1948f24.wav,Saxophone,0.0049865213222801685,5.400453346737777e-07,0.0065569705329835415,0.009144238196313381,0.0029363695066422224,0.026513544842600822,1.2412289152052836e-07,0.9497989416122437,2.017086941918933e-09,6.249167199712247e-05,Saxophone
ac097834.wav,Saxophone,0.003344204742461443,1.2850983694079332e-05,0.03125668317079544,0.017324594780802727,3.6312481825007126e-05,0.00921111274510622,0.00013505590322893113,0.9366528987884521,0.0014446686254814267,0.0005815958138555288,Saxophone
4345851e.wav,Saxophone,0.030365264043211937,0.0001495158503530547,0.06112762540578842,0.0019648182205855846,0.00013062861398793757,0.012796284630894661,5.98589713263209e-06,0.8820317983627319,0.009676160290837288,0.0017520096153020859,Saxophone
5d4f8187.wav,Saxophone,0.00045036335359327495,0.0004523240204434842,0.06217779591679573,0.012915710918605328,0.002055176068097353,0.0032446456607431173,2.036687874351628e-05,0.9178168177604675,6.951538671273738e-05,0.0007973588653840125,Saxophone
b83049f4.wav,Saxophone,0.015887290239334106,0.0012061959132552147,0.03096417896449566,0.00433505279943347,0.007207907736301422,0.010448528453707695,0.0002054279757430777,0.9274012446403503,5.2475184929789975e-05,0.0022916384041309357,Saxophone
c1c3c8b9.wav,Saxophone,0.0056118047796189785,1.9963936210842803e-06,0.00045188478543423116,0.00021230644779279828,0.0027124027255922556,0.0058640590868890285,5.898480139876483e-07,0.9703938961029053,8.614462387868116e-08,0.01475110836327076,Saxophone
78a86075.wav,Saxophone,0.02344357967376709,6.16496690781787e-05,0.07252256572246552,0.002661775564774871,0.00016379114822484553,0.0027056513354182243,4.50333527624025e-06,0.8901153802871704,8.633628021925688e-05,0.008234599605202675,Saxophone
f0d315bc.wav,Saxophone,0.01877405121922493,2.9009081004005566e-07,0.019656866788864136,0.01970231905579567,1.9297249309602194e-06,0.004220063332468271,3.24172583532345e-06,0.930708110332489,0.00043514210847206414,0.006497928407043219,Saxophone
9c0838c1.wav,Saxophone,0.01998399943113327,0.00024099972506519407,0.05575275793671608,0.0022907464299350977,0.0006017574341967702,0.037245213985443115,0.00047604271094314754,0.8724085092544556,0.003668610705062747,0.007331396918743849,Saxophone
d6144e01.wav,Violin_or_fiddle,4.2527292798411054e-10,2.9159328412091616e-18,1.0116720829123071e-12,3.324210595678778e-08,5.0038310422787814e-15,2.946630423639678e-17,5.758528764943094e-09,3.2381475278953076e-09,2.765014883721051e-10,1.0,Violin_or_fiddle
cfb9c5fd.wav,Violin_or_fiddle,0.02235563099384308,0.005679392255842686,0.0499492846429348,0.07218313962221146,0.005598454736173153,0.01687394641339779,0.00011884326522704214,0.015573169104754925,0.034816108644008636,0.7768521308898926,Violin_or_fiddle
c6865306.wav,Violin_or_fiddle,0.06707560271024704,8.863103175826836e-07,0.03604592755436897,0.013674302957952023,0.00027322201640345156,0.014634465798735619,0.002220314461737871,0.008236476220190525,0.025597626343369484,0.8322411179542542,Violin_or_fiddle
642aba58.wav,Violin_or_fiddle,0.004320547915995121,2.3404777493851725e-06,0.003518026787787676,0.0017054063500836492,0.00012856714602094144,0.0011918602976948023,3.986872911809769e-07,0.0010885773226618767,0.0037838465068489313,0.9842604994773865,Violin_or_fiddle
848faca3.wav,Violin_or_fiddle,3.0791179597144946e-05,0.0035433066077530384,0.0059873382560908794,0.02754228189587593,0.000612518866546452,0.006627044640481472,1.9055241864407435e-05,0.00025833104155026376,4.961466765962541e-05,0.9553296566009521,Violin_or_fiddle
7eb9dac0.wav,Violin_or_fiddle,0.0035415871534496546,0.003952040337026119,0.0218060165643692,0.015479855239391327,0.0011228584917262197,0.008230865933001041,0.026178447529673576,0.0005862709367647767,0.0018345317803323269,0.9172674417495728,Violin_or_fiddle
8d7d7dba.wav,Violin_or_fiddle,0.02358875796198845,0.0002278500614920631,0.03116055764257908,0.003320066025480628,0.0005339621566236019,0.007545716594904661,0.002426047809422016,0.008402734063565731,0.0003699642256833613,0.9224244952201843,Violin_or_fiddle
2424ad60.wav,Violin_or_fiddle,0.000501337053719908,0.004046623129397631,0.00895155593752861,0.02238810621201992,0.0008839863003231585,0.03836861625313759,0.001227228669449687,0.013484657742083073,0.010333545506000519,0.8998143672943115,Violin_or_fiddle
ba648ac1.wav,Violin_or_fiddle,0.0005488371243700385,0.0011916025541722775,0.00621062284335494,0.001136748120188713,0.0019859974272549152,0.0009754225029610097,6.316942290141014e-06,0.0036328244023025036,0.002311911666765809,0.9819997549057007,Violin_or_fiddle
2e4a9850.wav,Violin_or_fiddle,0.005505232140421867,3.1658252408472976e-11,0.0028056022711098194,4.453350811672863e-06,7.761517650806127e-09,0.00020907263387925923,1.652171874866326e-07,3.7313134271244053e-06,2.1612542695947923e-05,0.9914501309394836,Violin_or_fiddle
2cc8683d.wav,Violin_or_fiddle,0.005608674604445696,0.004395395051687956,0.022710546851158142,0.01256544515490532,0.002128358231857419,0.008540445007383823,0.0003359561669640243,0.0010877852328121662,0.0007724760216660798,0.9418548345565796,Violin_or_fiddle
7b6a119e.wav,Violin_or_fiddle,5.507148671313189e-05,4.781523088581707e-08,8.116257231449708e-05,4.515747059485875e-05,1.5623166760292406e-08,0.004535246174782515,0.09238045662641525,0.0011459734523668885,0.0005201156600378454,0.9012368321418762,Violin_or_fiddle
68589f79.wav,Violin_or_fiddle,0.00033119178260676563,0.033716801553964615,0.01798139698803425,0.0035483522806316614,0.00599961681291461,0.0004969686269760132,1.5475325199076906e-05,0.00022653857013210654,4.477980110095814e-05,0.9376388788223267,Violin_or_fiddle
fec00143.wav,Violin_or_fiddle,3.97283656639047e-06,8.375875950150657e-06,3.411587022128515e-05,0.0006300241220742464,4.663794186399173e-07,0.0008348904084414244,0.0007824531639926136,0.00045895547373220325,2.4310297703777906e-06,0.9972442984580994,Violin_or_fiddle
1b24c166.wav,Violin_or_fiddle,0.003916486166417599,0.04030945897102356,0.0521225705742836,0.04436429589986801,0.008930752985179424,0.03415001556277275,0.0006633083103224635,0.0061138104647397995,0.006209461949765682,0.803219735622406,Violin_or_fiddle
6eb59008.wav,Violin_or_fiddle,3.067394516165223e-08,3.3716512914949703e-10,5.9669450820365455e-06,2.2085208911448717e-05,1.3318307878762425e-07,2.3222393792821094e-05,5.719730324926786e-05,3.506470648062532e-06,3.5554626265366096e-06,0.9998842477798462,Violin_or_fiddle
0e7cd4eb.wav,Violin_or_fiddle,0.019789671525359154,0.0016393378609791398,0.031342241913080215,0.0003747614100575447,0.03184948116540909,0.004642033949494362,7.552708120783791e-05,0.0015400394331663847,0.008204356767237186,0.9005424976348877,Violin_or_fiddle
56e79c6f.wav,Violin_or_fiddle,0.0011679156450554729,1.25083795410319e-06,0.01934743858873844,0.003205013694241643,0.0003370933700352907,0.021673358976840973,0.009271632879972458,0.0022994165774434805,0.0007406381773762405,0.9419565200805664,Violin_or_fiddle
cdc5fe8e.wav,Violin_or_fiddle,0.00650422740727663,2.1442983779706992e-05,0.0019139578798785806,0.0023241322487592697,0.00022308471670839936,0.022833678871393204,2.4971963284770027e-05,0.017896516248583794,0.001223985687829554,0.9470340013504028,Violin_or_fiddle
b38409bb.wav,Violin_or_fiddle,4.839276925849845e-07,4.647268355729983e-13,5.782304635104651e-10,2.10696988744985e-08,3.29103850291515e-13,3.918403795877268e-11,1.8519667577265864e-08,3.2573765906818153e-09,3.1316571380557434e-07,0.9999991655349731,Violin_or_fiddle
c8c117dc.wav,Violin_or_fiddle,0.005330536048859358,0.0008399311918765306,0.07093442231416702,0.00028218122315593064,0.003310662927106023,0.002107465174049139,9.989465979742818e-06,0.00012536194117274135,0.011782190762460232,0.9052772521972656,Violin_or_fiddle
b73c3595.wav,Violin_or_fiddle,3.629995433129807e-07,2.9841445070219463e-14,6.8289250122755e-12,1.2764104440066149e-08,7.094443088551117e-12,1.0765569859183532e-11,1.0496526980929843e-09,1.0523137916607084e-10,1.6737711661107824e-08,0.9999996423721313,Violin_or_fiddle
d84c8c43.wav,Violin_or_fiddle,0.0004325520130805671,0.011555866338312626,0.01696496270596981,0.03406699746847153,0.006914529018104076,0.009953883476555347,8.80067382240668e-05,0.0026639385614544153,0.0003413319936953485,0.917017936706543,Violin_or_fiddle
d914225a.wav,Violin_or_fiddle,0.03734782338142395,3.60028798240819e-06,0.037558868527412415,0.0032799679320305586,0.02077900618314743,0.0011022592661902308,6.122367631178349e-05,0.000746366917155683,5.640021845465526e-05,0.8990646600723267,Violin_or_fiddle
1148986e.wav,Violin_or_fiddle,0.22921518981456757,3.852806457871338e-06,0.024756550788879395,0.0001780147140379995,0.004107339307665825,0.0018824946600943804,3.89955084756366e-06,0.006327920127660036,0.0016038611065596342,0.7319208383560181,Violin_or_fiddle
e3f479f3.wav,Violin_or_fiddle,0.023074137046933174,4.1449995478615165e-05,0.014531011693179607,0.0004517664201557636,1.354101550532505e-05,0.002288913121446967,1.7289554307353683e-05,0.00014336747699417174,0.003694383194670081,0.9557440280914307,Violin_or_fiddle
aab28420.wav,Violin_or_fiddle,0.00014731079863850027,0.004822983872145414,0.004554761573672295,0.014957279898226261,0.0022841193713247776,0.00808700267225504,9.613198199076578e-05,0.001206667278893292,5.518963007489219e-05,0.9637885689735413,Violin_or_fiddle
21346775.wav,Violin_or_fiddle,0.0013579990481957793,0.015028636902570724,0.02184787392616272,0.0033088731579482555,0.0031572217121720314,0.001852853805758059,2.1986506908433512e-05,0.000714977562893182,0.0009903650498017669,0.9517191648483276,Violin_or_fiddle
cdeece57.wav,Violin_or_fiddle,0.011733254417777061,0.0005488811293616891,0.009146075695753098,0.0067707872949540615,0.00029026795527897775,0.008761057630181313,0.0002945861779153347,0.013149727135896683,0.00016453940770588815,0.949140727519989,Violin_or_fiddle
c9fb642d.wav,Violin_or_fiddle,0.0494750440120697,0.02859634719789028,0.014841653406620026,0.011821864172816277,0.00015113854897208512,0.015918206423521042,9.374342334922403e-05,0.008298737928271294,0.0003155288868583739,0.8704877495765686,Violin_or_fiddle
078f7ac0.wav,Hi-hat,1.5379730908954281e-12,2.7914612404223013e-15,9.478285127248465e-13,3.9804950446864495e-09,7.450055126518047e-17,4.1519911953002975e-09,0.999999463558197,3.005920816076535e-12,1.5244298878780427e-11,5.782418952549051e-07,Hi-hat
e897db78.wav,Hi-hat,4.765306482745757e-10,8.086767475275203e-13,3.0975883750367084e-12,1.8749140906493267e-08,2.6927456914086802e-14,1.984862718629188e-09,1.0,2.2799700495623743e-12,1.629564677640971e-10,4.817601872986188e-10,Hi-hat
b31ed1fb.wav,Hi-hat,1.0857928600671585e-06,5.26113076715351e-11,4.918052187719013e-09,2.2149230005652498e-08,9.409361310941389e-12,7.53682272147671e-08,0.9789236783981323,2.2910737129677727e-07,0.02107410691678524,7.091050520102726e-07,Hi-hat
06c48eab.wav,Hi-hat,2.0235266617874004e-07,3.0446669629924372e-09,1.8191058188676834e-05,0.0001270100037800148,2.682438626777639e-08,0.0004932290758006275,0.9992213845252991,3.1730228329251986e-06,3.864499012706801e-05,9.819890692597255e-05,Hi-hat
2503aaa1.wav,Hi-hat,4.827616171404481e-13,4.78210343943426e-16,1.4751505681039057e-13,1.6229016353008774e-08,1.1487344363632574e-16,5.887096365952971e-10,0.9999983906745911,2.4289621963075048e-12,4.193108805051332e-13,1.6945709830906708e-06,Hi-hat
3d3439f1.wav,Hi-hat,3.683721772063109e-09,8.598251776369137e-14,4.726603223398351e-12,1.1418045176014857e-08,3.3986618315669237e-13,7.917802524737283e-11,1.0,7.724369646515405e-13,4.335013681355804e-09,4.4731610776560515e-11,Hi-hat
34a90030.wav,Hi-hat,8.737457372204327e-13,5.591328012296681e-15,9.327318431506804e-12,3.054400288249326e-09,2.0967685186904465e-17,5.536414882101326e-09,1.0,1.5746629260932066e-12,6.331052761036904e-13,1.1619725626133004e-08,Hi-hat
da4b0379.wav,Hi-hat,2.0792061128371842e-10,4.898413768586484e-16,3.422517260917579e-14,2.3704227469778516e-09,1.7167977177140643e-14,1.1298803039017091e-11,1.0,2.5712876042228126e-14,2.7292546694868136e-11,2.9149137964479266e-11,Hi-hat
a090c45a.wav,Hi-hat,5.560918392433223e-11,9.297473027404589e-16,1.577967191244292e-16,2.340971638759015e-09,2.057433288001802e-15,2.5131615538631635e-12,1.0,1.6204700816336952e-14,1.0338965100720188e-10,3.775760953894647e-11,Hi-hat
41897c32.wav,Hi-hat,6.857410906474515e-12,7.099166434162033e-17,8.775983412201427e-13,1.670078653148721e-08,1.3189422660426608e-16,4.265534148117922e-09,1.0,4.587829248448028e-12,1.259852031726405e-11,2.867819537399896e-09,Hi-hat
2032be87.wav,Hi-hat,2.6275610851065993e-14,2.0305231306768718e-16,1.74037420217453e-14,5.0475765928093e-11,3.3554842627094405e-19,8.850710442320775e-11,1.0,2.7926820266575315e-14,1.633498125988824e-14,1.1405395378139005e-10,Hi-hat
73677128.wav,Hi-hat,3.9704367858816106e-14,1.1564865083663083e-17,1.9419478842369088e-14,9.715259707832047e-10,5.109596490352973e-19,2.372350579871174e-11,0.9999984502792358,1.217122377276253e-13,1.3323295476586321e-14,1.6166731029443326e-06,Hi-hat
c53a217e.wav,Hi-hat,3.927431296846251e-13,8.289277768254173e-16,2.4537665685274304e-15,2.0196637418035124e-10,1.6424227341202306e-18,1.0997312782645707e-10,1.0,7.753298464406935e-14,1.1315877366537518e-14,1.6877266251213996e-09,Hi-hat
f0dfe343.wav,Hi-hat,1.0208514589216122e-10,3.3074970713642404e-12,9.625843944149892e-08,6.995120202191174e-06,1.7077181597942087e-15,0.0019950089044868946,0.9979971051216125,5.619398280032328e-07,1.6377881689733087e-11,2.5756412469490897e-07,Hi-hat
0ed06544.wav,Hi-hat,8.922362089609781e-13,1.0061867322742391e-15,2.6098491179597436e-14,1.3162052003856672e-10,2.451275712636074e-18,3.602146358971936e-10,0.9999995231628418,7.681855368826818e-13,5.205247853839329e-14,5.52949245502532e-07,Hi-hat
99c96a07.wav,Hi-hat,4.2445826693437994e-05,7.396475325549545e-07,7.143961533451204e-10,2.9487290831298196e-08,6.64279475870444e-09,7.940849400256411e-08,0.999946653842926,2.2689528034192108e-10,1.0032047612185124e-05,2.4779573948308098e-09,Hi-hat
3a3d0279.wav,Hi-hat,3.978144202942957e-10,4.869765632002686e-15,3.2869977491809324e-14,1.0375552639274588e-09,2.2914493653242163e-13,6.560735028166009e-12,1.0,6.699132080231068e-14,3.979975030099503e-11,1.0284972743260234e-12,Hi-hat
612702c3.wav,Hi-hat,5.128958889544233e-12,2.6914390835305363e-17,8.380810964919022e-14,4.797931829614299e-09,2.7673949168084385e-15,4.513507079195733e-08,0.9999996423721313,1.3072819736448249e-11,1.3737408021026465e-13,3.550664757767663e-07,Hi-hat
d6854eb4.wav,Hi-hat,0.01024483423680067,0.0005092774517834187,0.005235376302152872,0.0004618561652023345,0.00017113327339757234,0.005833570845425129,0.90854811668396,0.01647261343896389,0.04559684544801712,0.006926370318979025,Hi-hat
52300f9b.wav,Hi-hat,2.373398786531533e-12,1.2068708603354115e-15,3.849537316924457e-15,2.1778452305443174e-11,2.3190539936467696e-18,7.391519341037878e-11,1.0,3.519304327668539e-14,4.9990021074464847e-14,7.147249458938632e-10,Hi-hat
09a1cfd7.wav,Hi-hat,3.269480242096279e-10,1.7123870477511217e-14,1.5420789645226307e-12,4.258087571429314e-08,3.179160290600093e-14,2.122464530518453e-11,1.0,2.286448482803627e-13,6.549303460667844e-11,1.8963166592556036e-09,Hi-hat
3aafb6ad.wav,Hi-hat,8.462964551370078e-09,2.267876858530471e-12,1.1307559923123822e-11,6.358746418300143e-07,7.09447962616433e-14,3.312683904965752e-09,0.9999920725822449,7.532102719309819e-10,1.7786965145205613e-07,7.159316737670451e-06,Hi-hat
493c247b.wav,Hi-hat,2.3034185669956742e-10,7.510374700619993e-13,3.588060295926787e-13,4.070874748407505e-09,1.7249460687875323e-15,6.818567377386842e-10,1.0,2.054296619966034e-12,2.594250092524675e-10,1.5743537029599963e-10,Hi-hat
5ec7ad26.wav,Hi-hat,1.9069824830353355e-08,7.578812022401848e-10,8.402775697469167e-10,9.283751865041268e-07,1.1939535731614326e-12,6.715250719935284e-07,0.9999983906745911,1.7978987743028085e-10,1.363475998772401e-08,3.652909752460687e-09,Hi-hat
a1b369d7.wav,Hi-hat,2.0907648442397564e-12,9.585060565332125e-17,1.8953061505216223e-13,2.908346896646208e-09,5.685241466834521e-17,1.4941969883608408e-10,1.0,2.915490386005276e-13,1.0779934887447662e-12,1.2928819126400981e-09,Hi-hat
8cd809d3.wav,Hi-hat,6.812884407736419e-07,2.0214811158325574e-08,1.7628002524361364e-07,0.00019389306544326246,2.9308167004415964e-11,6.880661089780915e-07,0.999801516532898,2.383642595304991e-06,2.3469708310130954e-07,3.0510884130308114e-07,Hi-hat
aed9d22f.wav,Hi-hat,3.274011506348984e-09,1.501133072012717e-11,1.439592223206887e-09,3.147464511243925e-08,3.8753340814157156e-12,7.356019864346308e-07,0.9999992847442627,1.7560120024739945e-10,1.8860548678389932e-09,1.3666378251286915e-08,Hi-hat
a7964699.wav,Hi-hat,2.688338440748339e-09,9.826701084791889e-13,1.4461421643519046e-11,5.218100795900682e-07,6.889891353842673e-14,4.044697465843683e-09,0.999999463558197,1.2732471077470109e-08,3.522043101611416e-08,3.5455261837569196e-08,Hi-hat
da3f8050.wav,Hi-hat,1.205034683149364e-10,2.3536847384292292e-12,3.082921140595829e-10,3.045683882874073e-08,9.901039588860441e-17,8.972374416771345e-06,0.9999897480010986,2.1713377762466735e-09,1.8170200066780495e-10,1.382701839247602e-06,Hi-hat
468f9c4c.wav,Hi-hat,0.008419446647167206,1.6797859643702395e-05,1.724368667055387e-05,1.725182301015593e-05,6.055376161384629e-06,0.00012524932390078902,0.9912447333335876,1.5876461475272663e-05,9.552869596518576e-05,4.181110125500709e-05,Hi-hat
229be2be.wav,Snare_drum,9.190040873363614e-05,1.4573035969078774e-06,9.859777492238209e-06,1.3261171716294484e-07,5.505993385668262e-07,1.9109777440462494e-06,0.00010147223656531423,2.1653811188571126e-08,0.9997925162315369,2.067957325380121e-07,Snare_drum
b6cbc6a9.wav,Snare_drum,1.377087812670652e-07,3.771898793303308e-09,3.4662527070850047e-08,2.1895290025497616e-09,1.0457719759604522e-11,3.621470057169063e-07,0.0007232786156237125,2.258546629718694e-07,0.9992759823799133,2.7540632885347804e-08,Snare_drum
ae7d1c37.wav,Snare_drum,0.0033249869011342525,1.4027084944245871e-05,0.009782455861568451,6.5818996517919e-05,3.2838645438459935e-06,6.296534411376342e-05,2.1562070742220385e-06,0.01970798335969448,0.9670138955116272,2.2535845346283168e-05,Snare_drum
82d4fb44.wav,Snare_drum,7.3295004767715e-06,4.004500169685343e-06,1.0017250133387279e-05,2.6065876227221452e-05,1.6350768516915082e-09,8.266992153949104e-06,0.028435591608285904,5.947540103079518e-06,0.971205472946167,0.0002973396913148463,Snare_drum
4c590f69.wav,Snare_drum,0.00017998088151216507,5.465811909743934e-07,8.478196832584217e-06,8.119126869132742e-05,2.2921576601220295e-05,6.720544479321688e-05,3.922211908502504e-05,4.025553789688274e-05,0.9987820386886597,0.0007781746098771691,Snare_drum
1c9a423f.wav,Snare_drum,1.2710910368696204e-07,2.991543427907639e-12,1.8314754157700008e-09,1.1857498520839727e-06,1.0531227445653712e-08,2.0248867258487735e-06,5.610602649142038e-09,3.572412410335346e-08,0.9999215006828308,7.511535659432411e-05,Snare_drum
f0727eac.wav,Snare_drum,2.9563826942080595e-08,2.4745686402760647e-11,1.1829391688422675e-08,5.2044986098565005e-09,1.5277628337764804e-12,5.565322069855938e-08,0.00016480468912050128,8.307854955091898e-07,0.9997743964195251,5.993173908791505e-05,Snare_drum
31db8c5e.wav,Snare_drum,0.04651467874646187,0.0028546599205583334,0.004429324064403772,0.0013586479471996427,0.004676805343478918,0.0003134387661702931,0.0002832368481904268,9.031701483763754e-05,0.9392654299736023,0.0002133925590896979,Snare_drum
b86b5a96.wav,Snare_drum,4.209867984172888e-05,1.316471752943471e-05,1.401487497787457e-05,2.458188646414783e-05,1.381145722234578e-07,8.57556915434543e-06,0.00033637171145528555,5.07704280607868e-05,0.9995071887969971,3.1413455872097984e-06,Snare_drum
6fca680b.wav,Snare_drum,0.0008365939138457179,5.0727176130749285e-05,0.00044634801452048123,1.461590454709949e-05,0.0001631613849895075,2.3820326532586478e-05,2.119570126524195e-06,0.00014107987226452678,0.9982749819755554,4.661095954361372e-05,Snare_drum
1bc8eae1.wav,Snare_drum,0.00019903814245481044,4.086181775164732e-07,6.709545414196327e-05,2.8364373960698686e-08,3.338745457881487e-08,1.9181391053280095e-06,8.828230420476757e-06,1.1803663255705032e-05,0.9996973872184753,1.3487338037521113e-05,Snare_drum
46b52f97.wav,Snare_drum,2.9531274776672944e-06,4.61802096562991e-10,1.5283324605874782e-09,9.347236300527584e-06,8.364089012502518e-07,1.5075282817633706e-06,8.825808777146449e-07,2.962923872473766e-06,0.9999645948410034,1.699118183751125e-05,Snare_drum
0c67f402.wav,Snare_drum,5.4031279432820156e-05,6.78523338137893e-06,4.95146935008961e-07,4.365988388599362e-06,1.7127622653489993e-09,0.0006137603195384145,9.5779878392932e-06,0.0030713872984051704,0.9962387084960938,1.3318953051566496e-06,Snare_drum
c8ecbbfd.wav,Snare_drum,0.0005972317885607481,2.878748318835278e-06,4.7264231398003176e-05,0.0010405723005533218,0.00010784898768179119,3.5136148653691635e-05,2.8626056973735103e-06,0.00012304184201639146,0.9979982972145081,4.485273893806152e-05,Snare_drum
9f84ea5a.wav,Snare_drum,0.006114170420914888,2.61389004663215e-06,0.06813377887010574,0.0002584152389317751,0.10461240261793137,0.0012830214109271765,2.115364168275846e-06,8.216741662181448e-06,0.8194088339805603,0.0001764816406648606,Snare_drum
e4958adc.wav,Snare_drum,1.7156222611447447e-06,1.4623174671157813e-08,0.0007804240449331701,8.423281542491168e-06,5.316086415518839e-08,9.543182386551052e-07,3.008139515259245e-08,1.2939235602971166e-06,0.999207079410553,2.0382202592372778e-07,Snare_drum
5ce40b1b.wav,Snare_drum,0.0007008971297182143,0.0013098963536322117,0.0014960195403546095,4.719192656921223e-05,4.387166882224847e-06,0.00044706257176585495,1.1579206329770386e-05,0.0007498133927583694,0.9950132369995117,0.0002198455185862258,Snare_drum
9d308738.wav,Snare_drum,2.5795891360758105e-06,8.158395758073311e-06,0.0033991748932749033,1.9290519048809074e-06,1.612540785345118e-07,0.00022056433954276145,3.0188139135134406e-05,0.0015475074760615826,0.9946205615997314,0.00016918058099690825,Snare_drum
1e3391d5.wav,Snare_drum,0.00036967292544431984,2.6061658786602493e-07,8.537225221516564e-05,0.018088826909661293,3.533920971676707e-05,3.32732338392816e-06,2.423868181722355e-07,0.008438631892204285,0.9728936553001404,8.484768477501348e-05,Snare_drum
ff3f21e7.wav,Snare_drum,4.645537501346553e-06,2.07957899789335e-08,2.3352346545379987e-07,2.4301503799506463e-05,2.9093513709277374e-10,1.8482155610399786e-06,1.3730112186749466e-05,3.1058903005032334e-06,0.9999433755874634,8.726981832296588e-06,Snare_drum
b68f10af.wav,Snare_drum,0.00044871121644973755,0.0006281540263444185,0.0003633362357504666,0.00032562343403697014,1.4246460523281712e-05,0.011007677763700485,0.0008962465217337012,0.01323768962174654,0.9730017781257629,7.658603135496378e-05,Snare_drum
e8e00924.wav,Snare_drum,0.0029671089723706245,3.574094762370805e-07,9.431920261704363e-06,3.9391397876897827e-07,4.882270587813764e-08,4.7925583203323185e-05,1.3349621497127373e-07,8.680359314894304e-06,0.9969609379768372,4.927956524625188e-06,Snare_drum
22e1c02c.wav,Snare_drum,0.00018483663734514266,0.0003920911403838545,0.001819457276724279,4.1851471905829385e-05,0.00021093408577144146,0.0009982214542105794,1.805408282962162e-05,0.0006403972511179745,0.9951603412628174,0.0005338001647032797,Snare_drum
5c33d972.wav,Snare_drum,0.030115986242890358,0.01638287678360939,0.07883001863956451,0.018056832253932953,0.0718693882226944,0.004325366113334894,0.00026413315208628774,0.0011423658579587936,0.6935756802558899,0.0854373648762703,Snare_drum
9320c55f.wav,Snare_drum,0.005450751632452011,3.081563045270741e-05,0.03150145709514618,6.154423317639157e-06,4.783203621627763e-06,0.0001508483401266858,4.2692468014138285e-06,0.00011829653521999717,0.9600070118904114,0.0027256435714662075,Snare_drum
f1754aea.wav,Snare_drum,0.003426803508773446,0.007773087825626135,0.0036390607710927725,0.010479333810508251,6.441553068725625e-06,0.015598003752529621,0.04345512390136719,4.297029227018356e-05,0.9155768752098083,2.323473836440826e-06,Snare_drum
b218444c.wav,Snare_drum,0.008585523813962936,2.5748759071575478e-05,0.0003107408992946148,0.00018397548410575837,6.056882921257056e-05,5.776532270829193e-05,9.375165063829627e-06,0.025215549394488335,0.9647854566574097,0.0007652982021681964,Snare_drum
36d06cc0.wav,Snare_drum,9.15640193852596e-05,1.7143158856924856e-06,1.6410788248322206e-06,1.0442928441989352e-06,1.868888599432239e-09,1.3717850606553839e-06,1.8922911237950757e-07,0.0013510367134585977,0.9985496401786804,1.81731115844741e-06,Snare_drum
4c4d4797.wav,Snare_drum,0.00045160335139371455,4.11132425881533e-08,1.579442482579907e-06,4.6200248107197694e-06,2.4409166243799518e-08,0.00020039266382809728,2.2281061262674484e-07,1.4230144188331906e-05,0.9990512728691101,0.00027610055985860527,Snare_drum
cae0d841.wav,Snare_drum,2.3218706246552756e-06,2.920164110520318e-10,1.3242016372316812e-09,3.3405078738724114e-06,1.4269738812799915e-07,4.05720811613719e-06,2.6926684313366422e-06,2.4831771838762506e-07,0.99991774559021,6.94790796842426e-05,Snare_drum
17f82c05.wav,Acoustic_guitar,0.6151295900344849,0.010031203739345074,0.14458391070365906,0.0037183843087404966,0.1732604056596756,0.004787317477166653,0.00028639257652685046,0.0004181134863756597,0.018060678616166115,0.02972390502691269,Acoustic_guitar
0eeaebcb.wav,Acoustic_guitar,0.9703720808029175,8.661909589591232e-08,0.0021120463497936726,0.004894410725682974,8.26509713078849e-05,0.015604151412844658,2.9726757944104065e-08,0.006555330008268356,0.00012588709068950266,0.000253379374044016,Acoustic_guitar
e92bf0fa.wav,Acoustic_guitar,0.9969229102134705,8.217952429667719e-10,0.00012598210014402866,5.079127731733024e-07,7.808428927091882e-05,0.0001350786624243483,6.269292307514718e-10,8.61434091348201e-06,0.0021473418455570936,0.0005814393516629934,Acoustic_guitar
10da16fb.wav,Acoustic_guitar,0.9778895974159241,9.101925435572866e-09,0.003699228633195162,0.005970783066004515,2.4644839868415147e-05,0.00029829030972905457,1.794800664356444e-05,0.00022884897771291435,0.0018515599658712745,0.010019278153777122,Acoustic_guitar
a25423a8.wav,Acoustic_guitar,0.808559238910675,3.9274316804949194e-05,0.009310111403465271,0.00019629549933597445,0.18054282665252686,5.620028787234332e-06,6.342370397760533e-06,0.0011528301984071732,7.245404412969947e-05,0.00011483606795081869,Acoustic_guitar
16c9a838.wav,Acoustic_guitar,0.9647453427314758,3.984670513546007e-07,0.0006413974915631115,0.031062137335538864,1.1593923773034476e-05,2.8855749405920506e-05,2.631032991473603e-08,1.3763067727268208e-05,3.808523274528852e-07,0.003496043151244521,Acoustic_guitar
70ca9c77.wav,Acoustic_guitar,0.7444186806678772,9.21211812965339e-06,0.021591663360595703,0.012130795046687126,0.2044520378112793,0.006011136341840029,1.3484694818544085e-06,0.000848816242069006,0.007511963602155447,0.0030242535285651684,Acoustic_guitar
38216fad.wav,Acoustic_guitar,0.9569552540779114,0.002001011511310935,0.027938444167375565,0.0002880413085222244,0.0014200648292899132,0.0009624605299904943,3.435240068938583e-05,0.004282916430383921,0.0032510515302419662,0.0028664658311754465,Acoustic_guitar
d8a257e5.wav,Acoustic_guitar,0.9594138264656067,0.0015683131059631705,0.007564065977931023,0.015311605297029018,0.006195669993758202,0.0067993956618011,0.00014906920841895044,0.0008197452407330275,0.0016379454173147678,0.0005403927061706781,Acoustic_guitar
7506dcc4.wav,Acoustic_guitar,0.9282885193824768,6.072803444112651e-05,1.3530262549465988e-05,0.06845837831497192,0.00012401296407915652,6.428780579881277e-06,0.000651199312414974,6.217252666829154e-05,0.0022184238769114017,0.00011680837633321062,Acoustic_guitar
a6728901.wav,Acoustic_guitar,0.9999369382858276,5.101699444842733e-12,2.8332786314422265e-05,3.340762333436942e-09,5.816554562443343e-07,2.221569502580678e-06,2.528730003170665e-10,1.295611840035349e-09,7.494778409000702e-11,3.1907711672829464e-05,Acoustic_guitar
b88322f6.wav,Acoustic_guitar,0.9757066965103149,0.0005528510664589703,0.02262033335864544,1.3629576187668135e-06,8.02196063887095e-06,4.221023118589073e-06,7.215144819383568e-07,2.9536702186305774e-06,0.001093943603336811,8.820209586701822e-06,Acoustic_guitar
35039ae1.wav,Acoustic_guitar,0.997607409954071,3.037000624317443e-07,0.0009447296615689993,1.9367833374417387e-05,0.0005323744262568653,0.0005231029936112463,4.931363037030678e-06,3.539416866260581e-05,1.4668559060737607e-06,0.00033086969051510096,Acoustic_guitar
236cbab1.wav,Acoustic_guitar,0.8542373180389404,0.000909116817638278,0.004195709712803364,0.024155152961611748,0.091844342648983,0.00038030592259019613,0.00261911959387362,0.00039442110573872924,0.021155571565032005,0.00010889907571254298,Acoustic_guitar
0356dec7.wav,Acoustic_guitar,0.9243679642677307,0.0002964882296510041,0.0262007974088192,0.0001473412266932428,0.0033959168940782547,0.0007770839147269726,0.00016100208449643105,0.009518632665276527,0.004626537207514048,0.030508242547512054,Acoustic_guitar
bb1f5874.wav,Acoustic_guitar,0.9977200031280518,1.3494810445990879e-05,0.0014541238779202104,0.00046328891767188907,0.00019701197743415833,3.787744208239019e-05,4.3822561224260426e-07,7.684930096729659e-06,3.736659709829837e-05,6.862804002594203e-05,Acoustic_guitar
34747922.wav,Acoustic_guitar,0.9793322682380676,8.425198672057377e-08,0.00015382820856757462,0.0005054004141129553,6.836247484898195e-05,0.015651831403374672,0.0017615893157199025,6.160885095596313e-05,3.693014878081158e-05,0.0024279525969177485,Acoustic_guitar
44fb3eeb.wav,Acoustic_guitar,0.9979153871536255,2.3948818483887635e-09,0.001855454407632351,4.399830686452333e-06,2.4997191871989344e-07,2.737617069215048e-05,2.6436546285424356e-09,4.104767140233889e-05,9.355398447041807e-07,0.0001552510802866891,Acoustic_guitar
367ad7b1.wav,Acoustic_guitar,0.9260793924331665,7.275236271198082e-07,0.008525745943188667,2.0667332591983723e-06,0.058518730103969574,0.00024066971673164517,3.7505557770600717e-07,0.0045038023963570595,0.0011317386524751782,0.000996755319647491,Acoustic_guitar
160c92d7.wav,Acoustic_guitar,0.9888978600502014,2.8046362107736478e-11,0.0008193957037292421,8.285327567136846e-06,3.0606383916165214e-06,8.198665454983711e-06,3.170961826448604e-10,3.0174230687407544e-06,4.793982043338474e-06,0.010255483910441399,Acoustic_guitar
2016d256.wav,Acoustic_guitar,0.9219174385070801,1.380916431550916e-12,1.601336634848849e-06,0.07807765901088715,4.1100597059084976e-07,9.289302624893025e-07,1.1222767160035119e-10,5.454368192658876e-07,6.687178366604485e-09,1.4276049569161842e-06,Acoustic_guitar
fc55d588.wav,Acoustic_guitar,0.9615813493728638,3.394522991584381e-07,0.01068431418389082,0.00011339079355821013,0.0017512845806777477,0.023643331602215767,2.548551947256783e-06,0.00021882198052480817,4.986194471712224e-05,0.001954758306965232,Acoustic_guitar
c7846d27.wav,Acoustic_guitar,0.96384197473526,8.328039591276593e-09,0.0019489522092044353,2.001849134103395e-05,4.370358874439262e-05,0.0019844472408294678,4.273902504792204e-06,3.356362640261068e-06,1.3112319265928818e-06,0.03215208649635315,Acoustic_guitar
55822aae.wav,Acoustic_guitar,0.973328709602356,1.5377905810964876e-06,0.014313395135104656,0.00044799671741202474,0.0001679167035035789,0.011195225641131401,7.380523129540961e-06,0.00010305109026376158,0.0004136029165238142,2.138283525709994e-05,Acoustic_guitar
9923ddf8.wav,Acoustic_guitar,0.9999995827674866,4.880091556552779e-12,2.61871941638998e-14,4.354136606821157e-08,1.787207537518043e-08,4.930528099515719e-13,1.5173268863577505e-08,9.203381329606075e-13,5.361446753227028e-08,3.3007992783495865e-07,Acoustic_guitar
32dee61b.wav,Acoustic_guitar,0.8960070610046387,0.0401422418653965,0.021723944693803787,0.000497486675158143,0.01702561229467392,0.0009148793178610504,9.97390307020396e-05,0.015477875247597694,0.0003384399169590324,0.007772690616548061,Acoustic_guitar
fa4d4a92.wav,Acoustic_guitar,0.753101646900177,1.0108078640769236e-05,0.01725555583834648,0.004299649503082037,0.21315565705299377,1.321133822784759e-06,8.719680408830754e-06,0.000151564265252091,0.012000679969787598,1.5228484699036926e-05,Acoustic_guitar
8da75280.wav,Acoustic_guitar,0.7276353240013123,1.3068559383100364e-05,0.02209307998418808,0.0013126925332471728,0.24704258143901825,5.1793467719107866e-05,9.376822163176257e-07,0.0014219429576769471,0.0001955064362846315,0.0002329883718630299,Acoustic_guitar
b2261238.wav,Acoustic_guitar,0.9550367593765259,1.0094127134152586e-07,0.005522057879716158,0.000864441622979939,2.8214815756655298e-05,0.007083309348672628,5.995456149321399e-07,0.009597260504961014,0.019504528492689133,0.002362772822380066,Acoustic_guitar
673defaf.wav,Acoustic_guitar,0.9989500641822815,1.5991524077163533e-11,0.0003404253220651299,1.1442153891039197e-08,1.0903821845431594e-08,8.735904799550553e-08,6.165649935052642e-11,2.808941644616425e-06,4.1736049752216786e-05,0.0006648866692557931,Acoustic_guitar
e6597186.wav,Double_bass,0.19618165493011475,1.0988176200044109e-06,0.031690627336502075,7.360662493738346e-06,0.7718997597694397,3.2672417660251085e-07,1.2904669688396098e-07,3.742261611705544e-08,0.00019600847736001015,2.3049165974953212e-05,Double_bass
fcfafbc8.wav,Double_bass,0.001432916964404285,0.005144466646015644,0.003739813342690468,5.642557425744599e-07,0.989654541015625,4.172927781098679e-09,1.632374768689715e-08,8.774177828740903e-09,2.761873838608153e-05,6.219262616014021e-08,Double_bass
444f9db5.wav,Double_bass,0.01678718999028206,6.107376975705847e-05,0.04206413775682449,0.00011167116463184357,0.915556013584137,0.00026898979558609426,1.9898067193935276e-07,0.02320900745689869,4.3653893953887746e-05,0.0018981329631060362,Double_bass
19893aa8.wav,Double_bass,0.01676521636545658,0.00888010486960411,0.013536429032683372,0.0342944972217083,0.9057662487030029,0.018812278285622597,0.00010317001579096541,0.0007601940305903554,2.2908883693162352e-05,0.0010589997982606292,Double_bass
f042282c.wav,Double_bass,0.03414671868085861,0.02919652871787548,0.010909182950854301,0.0329122319817543,0.879723072052002,0.009880369529128075,3.880251097143628e-05,0.0008684893837198615,0.00029369242838583887,0.0020308089442551136,Double_bass
95e1d0ae.wav,Double_bass,0.01953570544719696,0.007129944860935211,0.023449353873729706,0.01753905601799488,0.9264601469039917,0.00017153278167825192,3.870647196890786e-05,0.005170245189219713,0.00039786272100172937,0.00010739477147581056,Double_bass
595c191d.wav,Double_bass,0.053640495985746384,0.033047184348106384,0.0015381459379568696,8.165949839167297e-05,0.9104508757591248,2.280197622894775e-05,2.666797627171036e-06,0.0007428581011481583,4.561155219562352e-05,0.00042761777876876295,Double_bass
8073923c.wav,Double_bass,0.19325673580169678,2.5286062736995518e-05,0.07579983025789261,0.0006851701182313263,0.729784369468689,2.7425292500993237e-05,2.5305225790361874e-06,3.3651540434220806e-06,0.0002289100521011278,0.00018629524856805801,Double_bass
6efbaf90.wav,Double_bass,0.08955711126327515,0.023190926760435104,0.030075639486312866,0.00016470023547299206,0.855337917804718,6.800102710258216e-05,5.529063128051348e-05,9.40529935178347e-06,0.00034905431675724685,0.0011920072138309479,Double_bass
642ad7e4.wav,Double_bass,0.10025542974472046,0.0001109856748371385,0.01185515709221363,1.444607960365829e-06,0.8874604105949402,1.1155872243762133e-06,1.534781063128321e-06,1.6361413145205006e-05,0.00011840349179692566,0.00017913582269102335,Double_bass
5eadbc6d.wav,Double_bass,0.10673947632312775,0.003950850572437048,0.06752646714448929,0.009766685776412487,0.764879047870636,0.009298101998865604,4.5492593926610425e-05,0.0036399320233613253,0.0012653246521949768,0.03288860246539116,Double_bass
1a7d3f2d.wav,Double_bass,0.15126639604568481,0.00023015106853563339,0.03662116825580597,0.00011903456470463425,0.8113281726837158,1.600886548658309e-06,6.273707185755484e-06,2.4603377823950723e-07,0.00037657187203876674,5.034865171182901e-05,Double_bass
13da16ae.wav,Double_bass,0.0013466549571603537,0.01958145759999752,0.001764799584634602,0.00021983579790685326,0.9770487546920776,2.3997747575776884e-06,7.547430413978873e-07,7.272664333868306e-06,3.6075120988243725e-06,2.448591112624854e-05,Double_bass
103f29e5.wav,Double_bass,0.03950263932347298,0.00027450069319456816,0.0010955145116895437,0.0005937901441939175,0.9564618468284607,0.0006995464791543782,2.434151724628464e-07,0.0003360541013535112,8.362383960047737e-05,0.0009520354215055704,Double_bass
da8ea649.wav,Double_bass,0.0022251708433032036,0.02455137111246586,0.0017845985712483525,5.82153006689623e-06,0.9714009761810303,2.1069310207622038e-07,3.642815329385485e-07,5.476775641000131e-06,1.4368059964908753e-05,1.159849671239499e-05,Double_bass
ca348cbb.wav,Double_bass,0.014789053238928318,0.0004547560238279402,0.018683169037103653,6.431734078660156e-08,0.9660724997520447,1.698142293449223e-09,2.4613580063004292e-09,6.82663703344133e-10,3.6459093166740786e-07,5.24210932439928e-08,Double_bass
8ce2e863.wav,Double_bass,0.001956233521923423,0.008100034669041634,0.0004016917955596,2.4952469175332226e-06,0.9895310997962952,1.2925337244951152e-08,8.298387911054306e-06,1.620795164747335e-09,3.76558340065003e-08,6.344657776935492e-08,Double_bass
462b676f.wav,Double_bass,0.028746139258146286,0.04167402163147926,0.027941949665546417,0.0036760461516678333,0.8535526394844055,0.014244354330003262,4.063826963829342e-06,0.0026018470525741577,2.1298435967764817e-05,0.0275375097990036,Double_bass
b428466c.wav,Double_bass,0.015614847652614117,0.0007810976821929216,0.001023588003590703,1.9840958884742577e-06,0.982465922832489,1.5575310499116313e-06,3.247370443659747e-07,4.608157541952096e-05,1.2465807230910286e-05,5.21082547493279e-05,Double_bass
4fd883bb.wav,Double_bass,0.04359310865402222,1.3265235793369357e-05,0.02019488625228405,6.924596527824178e-05,0.9361234307289124,1.678511694080953e-07,5.0530033490758797e-08,4.246996976320361e-09,2.2615818124904763e-06,3.568241936591221e-06,Double_bass
2ac8b94f.wav,Double_bass,0.013116461224853992,0.002748203231021762,0.15293975174427032,0.0007610103348270059,0.8226306438446045,0.007473105564713478,3.8813534047221765e-05,0.00021152479166630656,4.016901584691368e-05,4.043945227749646e-05,Double_bass
c840804f.wav,Double_bass,0.07671310007572174,0.0035524796694517136,0.043483711779117584,2.870904154406162e-06,0.8746027946472168,3.2088541956909467e-06,1.2017277413178817e-06,5.3257648687576875e-05,0.0004362613835837692,0.0011511518387123942,Double_bass
f63f3703.wav,Double_bass,0.0014711545081809163,0.029257595539093018,0.010433641262352467,0.0006046683411113918,0.9464858174324036,2.535391649871599e-05,9.898799362417776e-07,1.2973349839739967e-05,1.0128383109986316e-05,0.011697720736265182,Double_bass
c0ddf010.wav,Double_bass,0.057284992188215256,0.04388802871108055,0.02986861579120159,6.2990461628942285e-06,0.8677746653556824,6.634036253672093e-06,3.4920524285553256e-06,4.609544248523889e-06,0.0003044724289793521,0.000858126615639776,Double_bass
a0cbe92e.wav,Double_bass,0.01419855561107397,0.044410087168216705,0.006596301216632128,0.030692636966705322,0.8946576118469238,0.008790831081569195,2.2452268240158446e-05,0.00013197970110923052,0.00017754622967913747,0.0003219954378437251,Double_bass
4fb480bf.wav,Double_bass,0.012310919351875782,0.23327194154262543,0.026179546490311623,0.06825853884220123,0.642596423625946,0.016060853376984596,2.1667156033799984e-05,0.00041518500074744225,0.0004239004629198462,0.00046100886538624763,Double_bass
9dd0141c.wav,Double_bass,0.013687854632735252,3.619010021793656e-05,0.04306424409151077,0.00010930546704912558,0.9185934662818909,9.349286847282201e-05,6.142933216324309e-06,0.003762163920328021,0.020448120310902596,0.00019894179422408342,Double_bass
deb87700.wav,Double_bass,0.0037869529332965612,0.0022453756537288427,0.006033328361809254,0.04062921181321144,0.927432119846344,0.018632393330335617,0.0001331305829808116,0.0003653871826827526,0.00023096505901776254,0.0005110368365421891,Double_bass
e0ecd1a6.wav,Double_bass,0.14942292869091034,1.1782749425037764e-05,0.028789186850190163,0.004993567708879709,0.811854898929596,6.68486052290973e-07,7.484871730412124e-06,3.580388465707074e-06,0.0011791052529588342,0.0037366519682109356,Double_bass
0286fc27.wav,Double_bass,0.018416352570056915,0.034054771065711975,0.00627630902454257,0.021340221166610718,0.907408595085144,0.008600710891187191,1.102333226299379e-05,0.001512166578322649,8.041262481128797e-05,0.002299398183822632,Double_bass
e2d993ec.wav,Cello,0.07401124387979507,0.005507411435246468,0.8610507249832153,0.003246320178732276,0.01050780713558197,0.015736598521471024,0.00013096426846459508,0.0010356740094721317,0.006533726118505001,0.02223958633840084,Cello
0091fc7f.wav,Cello,0.031052522361278534,0.002809121273458004,0.8535439372062683,0.049701858311891556,0.01418089959770441,0.017988048493862152,9.608976688468829e-05,0.0010782622266560793,0.0031984923407435417,0.026350930333137512,Cello
e55c5160.wav,Cello,0.01990957371890545,0.000985130318440497,0.7727002501487732,0.07658657431602478,0.005486913491040468,0.024595653638243675,3.457673665252514e-05,0.026535356417298317,0.046788979321718216,0.026376716792583466,Cello
a59b5a08.wav,Cello,0.014319846406579018,0.019436143338680267,0.8542777895927429,0.04553784430027008,0.05242610350251198,0.006058732978999615,0.0006371297058649361,0.0005889595486223698,0.0018039116403087974,0.00491364998742938,Cello
88500b88.wav,Cello,0.049967482686042786,0.0037532851565629244,0.9214029312133789,0.00039313032175414264,0.00250143907032907,0.012874774634838104,4.2458847019588575e-05,0.0018920075381174684,0.0017184220487251878,0.005453841295093298,Cello
743ae0f9.wav,Cello,0.020900648087263107,0.016286758705973625,0.6966453194618225,0.025293590500950813,0.2126392424106598,0.014490528963506222,0.00017876308993436396,0.0014326275559142232,0.0004607871815096587,0.011671765707433224,Cello
9e3bc1b6.wav,Cello,0.0326426662504673,0.0002592055534478277,0.9122463464736938,0.01355035975575447,0.015338289551436901,0.0013946510152891278,3.7390016132121673e-06,0.02170545607805252,0.002534144325181842,0.0003249696164857596,Cello
3e2bddda.wav,Cello,0.0019589827861636877,0.00011344994709361345,0.914197564125061,0.0022976140026003122,4.5086500904290006e-05,0.006106361746788025,0.03037983365356922,0.007811629679054022,0.01262544933706522,0.024463964626193047,Cello
d328db67.wav,Cello,0.0025302967987954617,0.0001207511086249724,0.9426262378692627,0.00279343337751925,0.00012756141950376332,0.01921847276389599,0.000931220012716949,0.008161118254065514,0.008841047994792461,0.014649669639766216,Cello
7d896090.wav,Cello,0.08754290640354156,0.0010617750231176615,0.8329389691352844,0.01743587665259838,0.013054140843451023,0.028232870623469353,0.0003418530977796763,0.005213742610067129,0.008586503565311432,0.005591403227299452,Cello
4bff8f32.wav,Cello,0.030185747891664505,0.0014365018578246236,0.8180027008056641,0.0005176869453862309,0.1492346078157425,0.00031774441595189273,3.664306495920755e-05,3.621503128670156e-05,6.214703898876905e-05,0.0001699421409284696,Cello
5e5bca7a.wav,Cello,0.01049357745796442,0.017815155908465385,0.8807597756385803,0.04381198063492775,0.021442299708724022,0.01146700233221054,9.221284562954679e-05,0.004562207031995058,0.0003992239944636822,0.009156662970781326,Cello
811bf309.wav,Cello,0.02453910931944847,0.008218394592404366,0.9207763671875,0.0033748953137546778,0.007792433723807335,0.0013943458907306194,3.878727511619218e-05,0.00032829935662448406,0.002494196640327573,0.03104313462972641,Cello
5689818f.wav,Cello,0.05267234519124031,0.004599770996719599,0.888856053352356,0.0036644726060330868,0.018498936668038368,0.013187702745199203,0.0003842217556666583,0.0011431536404415965,0.0024090793449431658,0.014584340155124664,Cello
81d9f077.wav,Cello,0.0051317401230335236,0.01399343740195036,0.9327950477600098,0.0016838377341628075,0.04512564465403557,0.0003332755877636373,3.8604332075919956e-05,0.00036396668292582035,8.81350424606353e-05,0.00044637126848101616,Cello
00353774.wav,Cello,0.002786369062960148,2.4057691916823387e-05,0.9725050330162048,0.0001490138820372522,0.00018059799913316965,0.01823054999113083,0.0028016692958772182,0.0018251048168167472,0.00034596159821376204,0.0011516404338181019,Cello
6a210ffa.wav,Cello,0.025984035804867744,0.000891924137249589,0.7591907978057861,0.001609430997632444,0.19833508133888245,0.004980130586773157,1.6583207980147563e-05,0.0002039491810137406,0.005729509051889181,0.003058776492252946,Cello
e97d9707.wav,Cello,0.03322229161858559,0.0017085473518818617,0.8994243741035461,0.0016218601958826184,0.009751821868121624,0.044530633836984634,4.237064058543183e-05,0.0011870870366692543,0.0031930706463754177,0.005317872855812311,Cello
238b16a5.wav,Cello,0.044297538697719574,3.02017306239577e-05,0.772104799747467,1.459496979805408e-05,0.1825462430715561,5.009982851333916e-05,6.9494694798777346e-06,4.394348252390046e-06,0.00038517004577443004,0.0005599655560217798,Cello
dc5be9d7.wav,Cello,0.024163460358977318,0.005357256159186363,0.9224511384963989,0.0034543732181191444,0.036320220679044724,0.001078922301530838,2.5482351702521555e-05,0.00013336472329683602,0.0016275987727567554,0.005388099700212479,Cello
f9653de8.wav,Cello,0.03007078543305397,0.068862184882164,0.6698322296142578,0.0028344718739390373,0.22125737369060516,0.003177020698785782,1.67560028785374e-05,0.0003625507524702698,0.0006157205207273364,0.0029709439259022474,Cello
31dbc5c0.wav,Cello,0.04550399258732796,0.01253354549407959,0.7828730344772339,0.003018552204594016,0.008467605337500572,0.0834643766283989,2.0160685380687937e-05,0.0022416100837290287,0.0003520548634696752,0.06152518093585968,Cello
cbc8d551.wav,Cello,0.0544634684920311,0.01805506832897663,0.8072993755340576,0.03542192652821541,0.022954916581511497,0.04716158285737038,0.00025162615929730237,0.004177376162260771,0.0019668356981128454,0.00824775081127882,Cello
195f544d.wav,Cello,0.02447895146906376,0.0009231422445736825,0.8158347010612488,0.008438718505203724,0.008346732705831528,0.05507634952664375,0.026640471071004868,0.0052192602306604385,0.003114878199994564,0.05192665755748749,Cello
22bea889.wav,Cello,0.07990599423646927,0.00041056153713725507,0.6538215279579163,0.004105615895241499,0.2600366771221161,0.00013078046322334558,6.785200184822315e-06,5.328728002496064e-05,0.00021754737826995552,0.001311214524321258,Cello
ab8e8ae3.wav,Cello,0.02073010429739952,0.0002231061371276155,0.9368628263473511,0.005398364271968603,0.016725968569517136,0.017491919919848442,0.0006124066421762109,0.0010366172064095736,0.00024106301134452224,0.0006777691887691617,Cello
e70c41d4.wav,Cello,0.001686248928308487,3.4098607670784986e-07,0.9179415106773376,0.005611879751086235,1.030387920764042e-06,0.0141226127743721,8.215173693315592e-06,0.04299265146255493,0.0016714403172954917,0.015964260324835777,Cello
125e6ccf.wav,Cello,0.003188950242474675,0.0005115022067911923,0.9919276237487793,0.0008553831721656024,0.0007878889446146786,0.000702764664310962,5.649348531733267e-05,0.0002535055682528764,0.0004844637296628207,0.0012314440682530403,Cello
2da9e12a.wav,Cello,0.031825270503759384,0.00042885326547548175,0.9032838344573975,0.0003498924197629094,0.054364465177059174,0.005852801725268364,0.00021387895685620606,0.0011397951748222113,0.00026375503512099385,0.0022775183897465467,Cello
34e4d187.wav,Cello,0.04254947602748871,0.00440266402438283,0.6704991459846497,0.00368830980733037,0.24254342913627625,0.021377434954047203,0.00642975652590394,0.002518963534384966,0.0011394874891266227,0.004851309582591057,Cello
52e54bdd.wav,Bass_drum,0.011338070034980774,0.49410438537597656,0.08770983666181564,0.18695013225078583,0.17874540388584137,0.03710080310702324,9.89444597507827e-05,0.0014436958590522408,0.0003959375899285078,0.0021127634681761265,Bass_drum
6d21ad67.wav,Bass_drum,0.00218592188321054,0.9208751916885376,0.07442948967218399,8.98280086403247e-06,0.002198349917307496,2.5384656510141212e-06,4.464140147319995e-05,1.068152641892084e-06,0.0002536226820666343,1.1619554385333686e-07,Bass_drum
ca3f3698.wav,Bass_drum,5.476886872202158e-05,0.9991553425788879,9.740750101627782e-06,1.2359727179500624e-06,0.0007771747186779976,6.644343741868397e-09,7.188322825868454e-08,8.693790221059317e-08,3.822020921973035e-09,1.585796439940168e-06,Bass_drum
aa9ae956.wav,Bass_drum,1.0319448847440071e-05,0.9883462190628052,0.0002441600081510842,0.010735754854977131,0.0006053296965546906,4.692836228059605e-05,1.4456725239142543e-07,5.97390362599981e-06,2.1246593817636494e-08,5.241968665359309e-06,Bass_drum
0ddb4bdf.wav,Bass_drum,0.00035000863135792315,0.9135873913764954,0.0030641842167824507,0.06276649236679077,0.01759331114590168,0.002291253535076976,1.1954469300690107e-05,0.00015637023898307234,2.0618590497178957e-05,0.00015837879618629813,Bass_drum
921eee9d.wav,Bass_drum,0.004990674089640379,0.7082860469818115,0.08392340689897537,0.05465250834822655,0.0024868540931493044,0.016310930252075195,0.004693902097642422,0.042077723890542984,0.0022926952224224806,0.08028524369001389,Bass_drum
c153f347.wav,Bass_drum,0.00018560209718998522,0.9893064498901367,2.339035927434452e-05,1.965485353139229e-06,0.010481669567525387,5.161081784166299e-09,1.3310261692822678e-07,1.4052677954623505e-07,5.7979843148814325e-08,5.888857117497537e-07,Bass_drum
63e0ab2c.wav,Bass_drum,6.821988790761679e-06,0.9988128542900085,0.00019613232871051878,0.00014253378321882337,0.000836902589071542,9.29183670450584e-07,2.0193386518485568e-08,6.635847853431187e-07,1.5006479614498858e-08,3.157286982968799e-06,Bass_drum
88780eac.wav,Bass_drum,0.0022720356937497854,0.8684695959091187,0.01554445456713438,0.00704997219145298,0.004508305341005325,0.045508407056331635,0.018692467361688614,0.0006137554883025587,0.03703700006008148,0.0003039361909031868,Bass_drum
bea51ca5.wav,Bass_drum,0.006022573448717594,0.9052808880805969,0.015933530405163765,0.00010570853191893548,0.07162933051586151,0.00023317636805586517,0.0001656022941460833,9.242998203262687e-06,0.00044180447002872825,0.0001781457249308005,Bass_drum
f26131d8.wav,Bass_drum,4.015821832581423e-05,0.9904007911682129,7.736223778920248e-05,0.0033592458348721266,0.0005329115665517747,2.9596913009299897e-06,7.491735595976934e-05,0.005496494937688112,8.692827577760909e-06,6.485644462372875e-06,Bass_drum
ce75b5ce.wav,Bass_drum,1.5867030015215278e-05,0.9988088011741638,0.00012705085100606084,4.232781066093594e-05,0.0005143791204318404,2.8503529847512254e-07,2.345817165405606e-06,0.00044988145236857235,3.0406163205043413e-05,8.711224836588372e-06,Bass_drum
565f3ee2.wav,Bass_drum,0.0005058596725575626,0.9954748153686523,0.0007786048809066415,8.224789053201675e-05,0.0024491017684340477,1.7691811081022024e-05,2.1715253751608543e-05,0.0005308057880029082,8.04136934817734e-09,0.00013922943617217243,Bass_drum
ff11628d.wav,Bass_drum,0.00011879391968250275,0.9021808505058289,0.00261110020801425,0.08464877307415009,0.00781495962291956,0.0023323153145611286,4.897390681435354e-06,0.00022645290300715715,1.6192394696190604e-06,6.0249534726608545e-05,Bass_drum
cdfc8967.wav,Bass_drum,0.006004775874316692,0.6078506708145142,0.043647363781929016,0.20574352145195007,0.07981711626052856,0.043500009924173355,0.000190021499292925,0.0032422717195004225,0.003724712412804365,0.00627952441573143,Bass_drum
f8a99b37.wav,Bass_drum,9.298127224610653e-06,0.9961273074150085,0.00021220646158326417,0.00295666279271245,0.0006465532351285219,3.6743917007697746e-05,2.1193488919379888e-07,6.417702479666332e-06,1.9849460741738767e-08,4.570516921376111e-06,Bass_drum
809ea09e.wav,Bass_drum,6.93715555826202e-05,0.9807379841804504,0.0007034599548205733,0.013566603884100914,0.004496029578149319,0.00032364920480176806,1.5541721722911461e-06,3.8738340663257986e-05,1.7841454109657207e-06,6.081829633330926e-05,Bass_drum
03fc1f96.wav,Bass_drum,0.24273157119750977,0.2847564220428467,0.03400278091430664,0.006425777915865183,0.3587360382080078,0.06200677156448364,0.0035165746230632067,0.007125513162463903,0.0002629693190101534,0.0004356027639005333,Double_bass
8b6a16de.wav,Bass_drum,2.7182943085790612e-05,0.9983399510383606,1.4796664800087456e-05,1.1195710385436541e-06,0.0016159850638359785,6.373738870024681e-09,6.250341755276168e-08,1.864239038695814e-07,2.9138043089460552e-09,7.840423563720833e-07,Bass_drum
7dda9dc2.wav,Bass_drum,0.004280170891433954,0.6756821870803833,0.04777032136917114,0.1686289757490158,0.008259067311882973,0.08972717076539993,0.0005758389015682042,0.0015538387233391404,0.000738925242330879,0.0027834114152938128,Bass_drum
3a9085ca.wav,Bass_drum,0.002559858839958906,0.8333107233047485,0.002373612020164728,0.006130209658294916,0.01109706424176693,0.0017536847153678536,0.0001285018224734813,0.13562896847724915,0.0008135392563417554,0.006203843746334314,Bass_drum
4ba2b70e.wav,Bass_drum,2.6336556402384304e-05,0.9359235167503357,3.16215337079484e-05,2.3527065422968008e-05,0.0002182052849093452,1.127385075960774e-06,3.869524516630918e-05,0.06369626522064209,1.741507185215596e-05,2.3309659809456207e-05,Bass_drum
01c2f88b.wav,Bass_drum,0.00022363208699971437,0.8571162223815918,0.006899957079440355,0.08814984560012817,0.01075937133282423,0.035992007702589035,4.605285357683897e-05,0.0004535071784630418,2.4048053091973998e-05,0.00033529664506204426,Bass_drum
ce3f3400.wav,Bass_drum,0.1343848705291748,0.6552646160125732,0.09854716062545776,0.005617669317871332,0.08161837607622147,0.0007202585693448782,0.0001548278669361025,0.0018258350901305676,0.0005876641953364015,0.02127864770591259,Bass_drum
6a96272b.wav,Bass_drum,8.497929229633883e-05,0.9735402464866638,5.01804388477467e-05,3.214996831957251e-05,0.0262893158942461,4.6572786516208e-08,8.223130407714052e-07,7.959516210576112e-07,1.1874724350491306e-06,2.6271450792592077e-07,Bass_drum
9adffd44.wav,Bass_drum,0.008331593126058578,0.9821022152900696,0.00037767013418488204,4.918741979054175e-06,0.009085064753890038,2.1324265730982006e-07,9.628732868804946e-07,2.6374927983852103e-06,8.403814888424677e-08,9.460642468184233e-05,Bass_drum
7d11b3b4.wav,Bass_drum,1.3067558029433712e-05,0.9994580745697021,4.120188350498211e-06,5.143834641785361e-06,0.0005184124456718564,3.1952518408928654e-09,7.971907507453579e-07,1.8508661980831675e-07,1.5937783359731839e-07,3.679029703107517e-08,Bass_drum
bab98261.wav,Bass_drum,7.643140634172596e-06,0.9994003772735596,3.4188142308266833e-06,1.991295448533492e-06,0.0005861949757672846,2.7135418356749597e-09,2.2815994782376947e-07,9.84737624776244e-08,5.1672124357082794e-08,3.787578606306852e-08,Bass_drum
c11bacda.wav,Bass_drum,0.004475455265492201,0.8340787887573242,0.009653585031628609,0.08652634918689728,0.018755069002509117,0.042171113193035126,3.7671172322006896e-05,0.0031454451382160187,4.446353341336362e-05,0.0011120254639536142,Bass_drum
9a4bfb69.wav,Bass_drum,0.0024742051027715206,0.7628818154335022,0.040213555097579956,0.044155411422252655,0.13525407016277313,0.012460320256650448,0.0002036274818237871,0.0008751719142310321,2.6460946173756383e-05,0.0014553848886862397,Bass_drum
18865530.wav,Flute,0.003233276540413499,1.637075683902367e-07,4.1189719922840595e-05,0.005830612499266863,3.2736791126808384e-06,0.9315776228904724,0.005388837773352861,0.00010361638123868033,0.04635073244571686,0.007470801938325167,Flute
9f6eac9c.wav,Flute,0.00011750948033295572,2.6521405516177765e-08,0.003632649779319763,0.03028026968240738,5.093767754260625e-07,0.9626393914222717,0.0012160609476268291,0.0013611832400783896,6.786435551475734e-05,0.0006846616743132472,Flute
07db7f16.wav,Flute,0.00037727374001406133,0.005506775341928005,0.0008862835238687694,0.04625259339809418,0.0026354300789535046,0.9299829602241516,0.0004995893687009811,0.00035537287476472557,0.011682833544909954,0.0018206830136477947,Flute
dc6676ff.wav,Flute,0.001010045874863863,4.218116828269558e-06,0.0010661142878234386,0.0017285424983128905,1.4858015902063926e-06,0.9760668873786926,0.003920753486454487,0.005636624991893768,0.004329810384660959,0.00623541371896863,Flute
3eaddda8.wav,Flute,0.0676015242934227,0.00013499234046321362,0.06363629549741745,0.07245737314224243,0.00011769487900892273,0.756068229675293,0.0009368629544042051,0.028619615361094475,0.0016062005888670683,0.00882116798311472,Flute
1b93aeba.wav,Flute,0.0008117834222503006,7.794026402052623e-08,0.00035215148818679154,0.0011855196207761765,3.802987748713349e-06,0.9965356588363647,2.6938010933008627e-08,0.0009246182744391263,0.00013391175889410079,5.2608607802540064e-05,Flute
c683f28f.wav,Flute,0.0026447679847478867,1.304533157053811e-07,0.0002312205033376813,0.0025411415845155716,5.974708727762845e-09,0.9945247173309326,7.341732999321948e-09,4.0569684642832726e-05,2.9722987959779346e-10,1.7531969206174836e-05,Flute
55d52a69.wav,Flute,0.0005333531298674643,0.0014290520921349525,0.007831322029232979,0.01656365767121315,0.0008258676389232278,0.9096624851226807,0.005804584827274084,0.016648519784212112,0.027706654742360115,0.01299457810819149,Flute
ca8653d2.wav,Flute,0.0006576894666068256,1.1817813174275216e-05,0.012619988061487675,0.00771868322044611,2.61456716543762e-05,0.9539833068847656,0.0004599922976922244,0.02255227044224739,1.83070278580999e-05,0.0019518360495567322,Flute
6b27a847.wav,Flute,2.296019192726817e-05,8.893981551238994e-09,0.0025915871374309063,0.00310886069200933,5.983404349763077e-08,0.9879992604255676,0.004599423613399267,0.0005072052590548992,1.0650966032699216e-05,0.0011597840348258615,Flute
4bcc8a77.wav,Flute,0.0033244143705815077,1.2701970035777777e-06,0.00017028834554366767,0.00728945666924119,4.2996389311156236e-06,0.9553889036178589,1.7785103523237922e-07,0.0022846038918942213,0.027637410908937454,0.003899188246577978,Flute
84f5b84b.wav,Flute,0.0026559268590062857,3.6339253028927487e-07,0.0003819950215984136,0.002329320413991809,9.761839692146168e-08,0.9941874146461487,1.1273131121924962e-06,8.014836203074083e-05,9.0613054837263e-09,0.00036342552630230784,Flute
5d73ee6f.wav,Flute,0.016186950728297234,0.003998615778982639,0.01850637048482895,0.06718862801790237,0.0005707098753191531,0.8145817518234253,0.013272928074002266,0.025736326351761818,0.016387086361646652,0.023570692166686058,Flute
5d040c3b.wav,Flute,0.00030751797021366656,9.085562879818099e-08,0.0015252083539962769,0.009638532064855099,1.0037266292783897e-05,0.9690825939178467,0.0005329992854967713,0.003269733162596822,0.014750411733984947,0.0008829190628603101,Flute
6a037ddf.wav,Flute,0.00039607397047802806,0.0013498493935912848,0.004733534064143896,0.02815597504377365,0.0010804266203194857,0.9251670837402344,0.001523650367744267,0.020346907898783684,9.609954577172175e-05,0.017150357365608215,Flute
35e97db3.wav,Flute,6.962917797892487e-09,9.487823664529169e-19,4.165732434557867e-07,5.1000384701183066e-05,2.6283972336804814e-16,0.9995729923248291,0.0003732444893103093,3.955368299557449e-08,7.642633192972426e-10,2.366586159041617e-06,Flute
d14f5df1.wav,Flute,0.02311129868030548,3.2720006402087165e-06,0.017611507326364517,0.01125198695808649,0.009994762018322945,0.922005295753479,6.227943958947435e-05,0.012740200385451317,0.0001342861505690962,0.003085254691541195,Flute
9f522cda.wav,Flute,0.0009487975621595979,8.008173679741049e-09,0.00012497948773670942,0.021722789853811264,5.948024863755563e-06,0.9573003053665161,7.875116352806799e-06,0.005474885925650597,3.348892505528056e-06,0.0144110769033432,Flute
fe76c972.wav,Flute,0.009471128694713116,0.0002928527246695012,0.026952145621180534,0.0323617048561573,0.00028877577278763056,0.9175647497177124,0.0002055320655927062,0.010957558639347553,7.234348686324665e-06,0.0018982836045324802,Flute
562d93f5.wav,Flute,0.016857462003827095,6.420635327231139e-05,0.013546776957809925,0.06170525401830673,6.241786468308419e-05,0.8951336741447449,0.0002099479897879064,0.001035403343848884,0.005642108619213104,0.005742696113884449,Flute
fa32109e.wav,Flute,0.00048564441385678947,0.0001777030120138079,0.01005144789814949,0.03920234367251396,6.035089245415293e-05,0.9470113515853882,0.0012941835448145866,0.0008407713612541556,2.42870555666741e-05,0.000852097466122359,Flute
b4b2b68d.wav,Flute,0.0599326528608799,0.0007128812721930444,0.07096625119447708,0.04272613301873207,0.002136559458449483,0.7861692309379578,0.00012623198563233018,0.017330912873148918,0.0014856989728286862,0.018413381651043892,Flute
af227d6f.wav,Flute,0.001988278469070792,3.1248903269442962e-06,0.027131855487823486,0.06129657104611397,4.434811489772983e-05,0.8507407307624817,0.00023136478557717055,0.024236954748630524,0.023150194436311722,0.01117658894509077,Flute
85d6a7d2.wav,Flute,0.004754942841827869,2.559463085916036e-09,0.020051266998052597,0.03691420704126358,1.5239981621562038e-05,0.918674886226654,0.0031101007480174303,0.014902839437127113,0.0001760239974828437,0.0014005930861458182,Flute
3707da71.wav,Flute,0.019287671893835068,6.241680239327252e-07,0.02017851173877716,0.07517772167921066,0.00013962383673060685,0.822695255279541,0.025964917615056038,0.010426478460431099,0.011089781299233437,0.015039442107081413,Flute
61c914b1.wav,Flute,5.2721702559210826e-06,2.6303175104658294e-07,8.518158210790716e-06,0.037577997893095016,8.094704639916017e-08,0.961302638053894,0.0005324442754499614,0.00011422546958783641,2.3471764507121406e-05,0.0004349391092546284,Flute
f5e20dce.wav,Flute,0.09474463015794754,0.0001798085868358612,0.07304989546537399,0.02844001166522503,0.0015100232558324933,0.7718204855918884,0.001061774673871696,0.006279224529862404,0.000884643173776567,0.02202964760363102,Flute
b0d9849d.wav,Flute,0.01074980292469263,0.0017745036166161299,0.008410408161580563,0.023914873600006104,0.0009443218586966395,0.9428070187568665,0.008231140673160553,0.00133340316824615,0.00014920967805664986,0.00168541946914047,Flute
6ef82473.wav,Flute,0.02212442085146904,2.33612126976368e-06,0.012252968735992908,0.04361366480588913,0.0032983229029923677,0.870689868927002,0.01786983758211136,0.02098052203655243,0.0019821934401988983,0.007185641676187515,Flute
8986cced.wav,Flute,5.6999844673555344e-05,1.5358712062152335e-06,0.0003178669139742851,0.0009126768563874066,3.338327951496467e-05,0.9962135553359985,6.851108082628343e-06,0.0009433943778276443,0.00019644472922664136,0.0013173037441447377,Flute
a64a3740.wav,Clarinet,1.1401003474631466e-09,8.467498264916806e-16,4.968762368662283e-06,0.9686394333839417,3.242707534781286e-12,0.018704619258642197,2.7214682631893083e-05,6.660825420112815e-07,0.0005214289994910359,0.012101734057068825,Clarinet
ad7ec8cb.wav,Clarinet,6.613491532192484e-09,5.1735735649965225e-14,1.0988125609401322e-07,0.9923990964889526,4.067507788918512e-11,0.0011907191947102547,2.4407489036093466e-05,8.137903506622024e-08,9.055816917680204e-05,0.006295077968388796,Clarinet
8ee44fb5.wav,Clarinet,0.001423525158315897,2.3222031936276366e-11,3.154786725190206e-07,0.9493162631988525,8.42011460555625e-11,7.382341573247686e-05,2.3614447854924947e-05,0.00036203075433149934,5.7614720390120056e-06,0.04879475384950638,Clarinet
7eb959ec.wav,Clarinet,0.0227215476334095,2.613778633531183e-07,0.0033551803790032864,0.9208364486694336,0.0009336819057352841,0.01898052543401718,0.021329019218683243,0.011416840367019176,1.0801752978295553e-05,0.0004158047086093575,Clarinet
e51e1770.wav,Clarinet,2.3690185116720386e-05,2.5634372491367685e-07,3.881594238919206e-06,0.9786606431007385,1.7844857325144403e-07,0.0005612151580862701,0.020000986754894257,0.0004482160438783467,1.5266758055076934e-05,0.00028579545323736966,Clarinet
3f7e6da8.wav,Clarinet,0.00015640280616935343,1.5059402336259353e-10,1.691983015916776e-05,0.9803409576416016,7.3926494223997e-05,1.3594332131106057e-06,0.019363824278116226,1.9228373560054024e-07,4.651142444345169e-05,9.578624116102219e-09,Clarinet
3cbe9902.wav,Clarinet,0.0009196650353260338,0.0019746734760701656,0.007100649643689394,0.9350305795669556,0.001117166830226779,0.03733652085065842,0.014111919328570366,0.0007247347966767848,5.152749508852139e-05,0.001632592175155878,Clarinet
9a722e53.wav,Clarinet,0.0005213668919168413,8.71928140799838e-10,9.587637350705336e-07,0.9982151985168457,2.3142998543335125e-05,1.4605567230319139e-05,6.286681752953882e-08,0.0012151001719757915,3.963804573459129e-08,9.496059647062793e-06,Clarinet
19105b8a.wav,Clarinet,0.001471704919822514,8.598354179412127e-05,0.00021615457080770284,0.9358406066894531,0.0010733534581959248,0.015971416607499123,0.04056517407298088,0.0009937762515619397,0.0024453105870634317,0.0013365576742216945,Clarinet
1f81cc2b.wav,Clarinet,0.00012734938354697078,1.9585813859634982e-08,0.008936991915106773,0.956241250038147,0.00011062502017011866,0.016610480844974518,0.008621759712696075,0.0018746841233223677,0.0003459246945567429,0.007131274789571762,Clarinet
44c5094c.wav,Clarinet,1.0039036624220898e-07,1.8047783523190107e-14,2.086942913592793e-05,0.998382031917572,1.2766146362253039e-08,0.0013879422331228852,5.125509391912253e-11,0.00019336104742251337,5.467694741412288e-09,1.582640834385529e-05,Clarinet
5506629f.wav,Clarinet,0.0004344068292994052,0.002916151424869895,0.005934752989560366,0.973397433757782,0.0008859813679009676,0.01313528511673212,8.053317287703976e-05,0.0017336603486910462,0.00020602844597306103,0.0012757946969941258,Clarinet
ddf23920.wav,Clarinet,1.512881764309526e-10,5.321597980305184e-17,7.252670911839232e-05,0.9377618432044983,3.4343624237618674e-15,0.011124417185783386,0.05045327916741371,1.8102356307281298e-06,2.587347353255609e-06,0.000583697808906436,Clarinet
2e1cd085.wav,Clarinet,4.2944761635688167e-10,1.5774537709054015e-12,1.0799013807627489e-06,0.983889639377594,3.83768679057539e-08,0.015375285409390926,1.551030095470196e-07,0.00016120358486659825,0.0005119200795888901,6.075871715438552e-05,Clarinet
dc981a38.wav,Clarinet,0.017370043322443962,1.012403481581714e-05,0.005002042278647423,0.8035023212432861,0.0009216063190251589,0.13357898592948914,0.01614428125321865,0.004850767552852631,2.577553232185892e-06,0.018617406487464905,Clarinet
a053797b.wav,Clarinet,0.013310604728758335,9.681228618774185e-08,2.2346161131281406e-05,0.9861478209495544,3.037933311134111e-05,3.721573193615768e-06,4.892012839263771e-06,0.0004131652822252363,4.069107671966776e-05,2.6185532988165505e-05,Clarinet
f2310f0d.wav,Clarinet,0.02915804646909237,0.0006583197973668575,0.0010157815413549542,0.8655917644500732,0.0002985056198667735,0.019284090027213097,7.598875527037308e-05,0.0066576325334608555,0.03889445960521698,0.03836546093225479,Clarinet
ce65d6b5.wav,Clarinet,0.0013795850099995732,1.7160144416550338e-09,0.00031553790904581547,0.9709087014198303,0.00018898947746492922,0.0019671188201755285,1.0235831950922147e-06,0.019566312432289124,0.0001540113880764693,0.005518794059753418,Clarinet
45de3233.wav,Clarinet,0.00043022382305935025,0.007016866467893124,0.011188124306499958,0.9317085146903992,0.0036988151259720325,0.022222476080060005,0.021597733721137047,0.0011507913004606962,8.767444523982704e-05,0.0008989419438876212,Clarinet
8916ffcd.wav,Clarinet,1.637711989133095e-06,3.601859377433143e-15,1.0462672506150739e-08,0.9999798536300659,2.0518310606121304e-08,9.102640774472093e-08,4.756066417435645e-13,1.76839494088199e-05,5.83223677685929e-11,6.639569392064004e-07,Clarinet
e43f7db2.wav,Clarinet,6.096880866834908e-08,9.150423872596506e-16,0.00016876505105756223,0.9973264932632446,9.042729065544819e-11,0.00047563284169882536,3.748396260050413e-09,0.0007564045372419059,5.614402311948652e-07,0.001272124471142888,Clarinet
3c66098d.wav,Clarinet,1.3402738659351598e-05,4.900818900005488e-12,3.6064018331671832e-06,0.8217795491218567,1.224417047751558e-07,0.1685054749250412,0.009292389266192913,1.645538395678159e-05,8.840523264552758e-07,0.00038807818782515824,Clarinet
ad42e493.wav,Clarinet,1.5231515135383233e-05,8.00988519955581e-09,5.982195580145344e-05,0.9902380108833313,3.9344745346170384e-06,0.0036842627450823784,0.0005073004867881536,0.0009096002322621644,5.6918612244771793e-05,0.004524820018559694,Clarinet
740e5bb7.wav,Clarinet,0.00035502464743331075,0.003910830710083246,0.022594794631004333,0.8955990076065063,0.006220213137567043,0.04763779789209366,0.010123620741069317,0.009040195494890213,0.00024975763517431915,0.004268844611942768,Clarinet
800b401e.wav,Clarinet,0.024817461147904396,0.013781086541712284,0.006755177862942219,0.9450041055679321,0.006789583247154951,0.0002999540593009442,7.583085334772477e-06,0.0013891536509618163,0.0006889818469062448,0.0004670753260143101,Clarinet
3c713bcf.wav,Clarinet,0.0002778510097414255,8.472424269712064e-06,0.017873628064990044,0.9621773362159729,0.0015516411513090134,1.0724513686000137e-06,0.01803339459002018,8.603013156971429e-06,6.164076330605894e-05,6.360829956975067e-06,Clarinet
2fc00271.wav,Clarinet,0.00010467838001204655,2.105798785123625e-06,4.532935690804152e-06,0.9954938888549805,2.651111026352737e-05,8.100752893369645e-05,0.00391659839078784,0.00033319686190225184,1.1078077477577608e-06,3.631623258115724e-05,Clarinet
b0c06255.wav,Clarinet,3.788911726587685e-06,1.7120062962769356e-12,0.005779269617050886,0.985024631023407,5.606787567558058e-07,0.006049427669495344,4.120337325730361e-05,0.002203138777986169,1.556075039843563e-05,0.0008826241828501225,Clarinet
71c6451f.wav,Clarinet,7.476149676222121e-06,1.1356274948193246e-10,0.0001180519102490507,0.9115304350852966,2.713474316351494e-07,0.05752412602305412,3.495528915209434e-07,0.004319921135902405,0.0006789219914935529,0.025820478796958923,Clarinet
5de123c3.wav,Clarinet,1.353060724795796e-05,4.681172899263569e-15,3.7154745768930297e-06,0.9609155058860779,2.2738209537465082e-08,0.006169816944748163,5.711164249078138e-06,2.061138502540416e-06,4.767333393829176e-06,0.03288484364748001,Clarinet
